<ImportExportXml version="9.1.0.21034" SolutionPackageVersion="9.1" languagecode="1033" generatedBy="CrmLive" xmlns:xsi="http://www.w3.org/2001/XMLSchema-instance">
  <SolutionManifest>
    <UniqueName>CRMUtility</UniqueName>
    <LocalizedNames>
      <LocalizedName description="CRM Utility" languagecode="1033" />
    </LocalizedNames>
    <Descriptions />
    <Version>1.0.0.0</Version>
    <Managed>1</Managed>
    <ConfigurationPage>mad_/CRMUtility/solutionconfiguration.html</ConfigurationPage>
    <Publisher>
      <UniqueName>karanmadhavi</UniqueName>
      <LocalizedNames>
        <LocalizedName description="Karan Madhavi" languagecode="1033" />
      </LocalizedNames>
      <Descriptions />
      <EMailAddress>madhavi.karan@yahoo.com</EMailAddress>
      <SupportingWebsiteUrl xsi:nil="true"></SupportingWebsiteUrl>
      <CustomizationPrefix>mad</CustomizationPrefix>
      <CustomizationOptionValuePrefix>80976</CustomizationOptionValuePrefix>
      <Addresses>
        <Address>
          <AddressNumber>1</AddressNumber>
          <AddressTypeCode>1</AddressTypeCode>
          <City xsi:nil="true"></City>
          <County xsi:nil="true"></County>
          <Country xsi:nil="true"></Country>
          <Fax xsi:nil="true"></Fax>
          <FreightTermsCode xsi:nil="true"></FreightTermsCode>
          <ImportSequenceNumber xsi:nil="true"></ImportSequenceNumber>
          <Latitude xsi:nil="true"></Latitude>
          <Line1 xsi:nil="true"></Line1>
          <Line2 xsi:nil="true"></Line2>
          <Line3 xsi:nil="true"></Line3>
          <Longitude xsi:nil="true"></Longitude>
          <Name xsi:nil="true"></Name>
          <PostalCode xsi:nil="true"></PostalCode>
          <PostOfficeBox xsi:nil="true"></PostOfficeBox>
          <PrimaryContactName xsi:nil="true"></PrimaryContactName>
          <ShippingMethodCode>1</ShippingMethodCode>
          <StateOrProvince xsi:nil="true"></StateOrProvince>
          <Telephone1>+91 7678056919</Telephone1>
          <Telephone2 xsi:nil="true"></Telephone2>
          <Telephone3 xsi:nil="true"></Telephone3>
          <TimeZoneRuleVersionNumber xsi:nil="true"></TimeZoneRuleVersionNumber>
          <UPSZone xsi:nil="true"></UPSZone>
          <UTCOffset xsi:nil="true"></UTCOffset>
          <UTCConversionTimeZoneCode xsi:nil="true"></UTCConversionTimeZoneCode>
        </Address>
        <Address>
          <AddressNumber>2</AddressNumber>
          <AddressTypeCode>1</AddressTypeCode>
          <City xsi:nil="true"></City>
          <County xsi:nil="true"></County>
          <Country xsi:nil="true"></Country>
          <Fax xsi:nil="true"></Fax>
          <FreightTermsCode xsi:nil="true"></FreightTermsCode>
          <ImportSequenceNumber xsi:nil="true"></ImportSequenceNumber>
          <Latitude xsi:nil="true"></Latitude>
          <Line1 xsi:nil="true"></Line1>
          <Line2 xsi:nil="true"></Line2>
          <Line3 xsi:nil="true"></Line3>
          <Longitude xsi:nil="true"></Longitude>
          <Name xsi:nil="true"></Name>
          <PostalCode xsi:nil="true"></PostalCode>
          <PostOfficeBox xsi:nil="true"></PostOfficeBox>
          <PrimaryContactName xsi:nil="true"></PrimaryContactName>
          <ShippingMethodCode>1</ShippingMethodCode>
          <StateOrProvince xsi:nil="true"></StateOrProvince>
          <Telephone1 xsi:nil="true"></Telephone1>
          <Telephone2 xsi:nil="true"></Telephone2>
          <Telephone3 xsi:nil="true"></Telephone3>
          <TimeZoneRuleVersionNumber xsi:nil="true"></TimeZoneRuleVersionNumber>
          <UPSZone xsi:nil="true"></UPSZone>
          <UTCOffset xsi:nil="true"></UTCOffset>
          <UTCConversionTimeZoneCode xsi:nil="true"></UTCConversionTimeZoneCode>
        </Address>
      </Addresses>
    </Publisher>
    <RootComponents>
      <RootComponent type="1" schemaName="mad_tracelog" behavior="0" />
      <RootComponent type="29" id="{ce65316e-bde5-4a42-96e6-0bcac719fe87}" behavior="0" />
      <RootComponent type="60" id="{0f8a4b8e-bb47-44a4-b12a-609e9eeba02b}" behavior="0" />
      <RootComponent type="61" schemaName="mad_/CRMUtility/images/magnifying_glass_icon.svg" behavior="0" />
      <RootComponent type="61" schemaName="mad_/CRMUtility/images/magnifying_glass_icon_16.png" behavior="0" />
      <RootComponent type="61" schemaName="mad_/CRMUtility/images/magnifying_glass_icon_32.png" behavior="0" />
      <RootComponent type="61" schemaName="mad_/CRMUtility/scripts/crmbalutility.js" behavior="0" />
      <RootComponent type="61" schemaName="mad_/CRMUtility/scripts/crmdalutility.js" behavior="0" />
      <RootComponent type="61" schemaName="mad_/CRMUtility/scripts/crmutility.js" behavior="0" />
      <RootComponent type="61" schemaName="mad_/CRMUtility/scripts/jquery.js" behavior="0" />
      <RootComponent type="61" schemaName="mad_/CRMUtility/scripts/tracelog/tracelog.js" behavior="0" />
      <RootComponent type="61" schemaName="mad_/CRMUtility/scripts/utility.js" behavior="0" />
      <RootComponent type="61" schemaName="mad_/CRMUtility/solutionconfiguration.html" behavior="0" />
      <RootComponent type="61" schemaName="mad_/CRMUtility/XML/solutionconfiguration.xml" behavior="0" />
      <RootComponent type="91" id="{038ba27b-b877-4f61-b76c-f740b374d8c9}" schemaName="GenerateEntityStructureFile, Version=1.0.0.0, Culture=neutral, PublicKeyToken=4e0cdb405751634c" behavior="0" />
      <RootComponent type="91" id="{b6005e14-3d58-4034-9be8-afe9a38ecc86}" schemaName="TraceLog, Version=1.0.0.0, Culture=neutral, PublicKeyToken=27eceb1a3243cc64" behavior="0" />
      <RootComponent type="92" id="{52ad38fe-94cc-ea11-a812-000d3af270de}" behavior="0" />
      <RootComponent type="430" schemaName="systemuser" behavior="0" />
    </RootComponents>
    <MissingDependencies>
      <MissingDependency>
        <Required key="0" type="66" schemaName="MicrosoftDynamicsFPS.TimeControl" displayName="MicrosoftDynamicsFPS.TimeControl" solution="MicrosoftDynamicsScheduling (3.12.0.448)" />
        <Dependent key="1" type="60" displayName="Information" parentDisplayName="Trace Log" id="{0f8a4b8e-bb47-44a4-b12a-609e9eeba02b}" />
      </MissingDependency>
    </MissingDependencies>
  </SolutionManifest>
</ImportExportXml>